1643,884
1647,877
1647,880
1649,880
1649,885
1649,998
1651,902
1653,874
1653,879
1655,878
1655,928
1655,947
1657,879
1657,880
1657,929
1657,978
1659,875
1659,877
1659,880
1659,886
1659,887
1659,889
1659,1001
1661,875
1661,876
1661,878
1661,880
1661,883
1661,884
1661,885
1661,886
1661,887
1661,888
1661,893
1661,898
1661,905
1661,926
1661,934
1661,957
1661,983
1661,1001
1661,1006
1661,1014
1661,1058
1663,877
1663,880
1663,885
1663,891
1663,893
1663,895
1663,899
1663,900
1663,902
1663,909
1663,910
1663,919
1663,935
1663,942
1663,950
1663,958
1663,974
1663,988
1663,998
1663,1004
1663,1028
1663,1034
1663,1049
1665,872
1665,875
1665,876
1665,878
1665,881
1665,882
1665,884
1665,896
1665,912
1665,913
1665,915
1665,917
1665,918
1665,919
1665,920
1665,921
1665,924
1665,927
1665,929
1665,935
1665,936
1665,951
1665,958
1665,965
1665,985
1665,986
1665,989
1665,993
1665,994
1665,1008
1665,1014
1665,1019
1665,1024
1665,1027
1665,1031
1665,1033
1665,1037
1665,1040
1665,1041
1665,1044
1665,1050
1665,1063
1667,876
1667,877
1667,879
1667,880
1667,881
1667,895
1667,896
1667,898
1667,899
1667,900
1667,902
1667,903
1667,905
1667,906
1667,907
1667,908
1667,909
1667,910
1667,911
1667,912
1667,913
1667,915
1667,916
1667,917
1667,918
1667,919
1667,920
1667,921
1667,922
1667,924
1667,925
1667,926
1667,929
1667,933
1667,934
1667,940
1667,942
1667,943
1667,945
1667,949
1667,950
1667,951
1667,953
1667,956
1667,960
1667,961
1667,962
1667,965
1667,966
1667,967
1667,973
1667,977
1667,979
1667,980
1667,981
1667,984
1667,989
1667,993
1667,996
1667,1000
1667,1002
1667,1003
1667,1004
1667,1005
1667,1008
1667,1009
1667,1010
1667,1011
1667,1012
1667,1014
1667,1015
1667,1016
1667,1019
1667,1020
1667,1022
1667,1025
1667,1026
1667,1034
1667,1041
1667,1055
1667,1062
1667,1064
1667,1072
1667,1073
1668,1099
1669,875
1669,876
1669,891
1669,894
1669,897
1669,898
1669,900
1669,902
1669,903
1669,904
1669,905
1669,906
1669,908
1669,910
1669,911
1669,913
1669,914
1669,915
1669,917
1669,920
1669,923
1669,924
1669,925
1669,926
1669,927
1669,928
1669,931
1669,932
1669,937
1669,938
1669,939
1669,940
1669,941
1669,942
1669,943
1669,945
1669,946
1669,947
1669,948
1669,949
1669,951
1669,954
1669,955
1669,956
1669,957
1669,958
1669,959
1669,961
1669,962
1669,963
1669,964
1669,965
1669,967
1669,968
1669,969
1669,971
1669,972
1669,973
1669,975
1669,977
1669,979
1669,982
1669,986
1669,987
1669,989
1669,990
1669,993
1669,994
1669,996
1669,998
1669,999
1669,1000
1669,1002
1669,1006
1669,1007
1669,1010
1669,1016
1670,1028
1670,1036
1670,1037
1670,1038
1670,1041
1670,1043
1670,1045
1670,1052
1670,1055
1670,1056
1670,1063
1670,1064
1670,1066
1670,1071
1670,1072
1670,1074
1670,1076
1670,1078
1670,1083
1670,1095
1670,1103
1670,1107
1670,1108
1670,1112
1670,1190
1671,875
1671,880
1671,895
1671,908
1671,909
1671,915
1671,916
1671,919
1671,924
1671,925
1671,926
1671,927
1671,929
1671,931
1671,932
1671,933
1671,934
1671,935
1671,938
1671,939
1671,942
1671,943
1671,944
1671,945
1671,947
1671,948
1671,949
1671,950
1671,951
1671,952
1671,953
1671,954
1671,955
1671,957
1671,958
1671,959
1672,960
1672,961
1672,962
1672,963
1672,964
1672,966
1672,969
1672,970
1672,971
1672,972
1672,974
1672,975
1672,976
1672,977
1672,978
1672,980
1672,981
1672,983
1672,985
1672,986
1672,988
1672,989
1672,991
1672,992
1672,993
1672,995
1672,997
1672,998
1672,999
1672,1002
1672,1003
1672,1004
1672,1005
1672,1007
1672,1009
1672,1011
1672,1012
1672,1013
1672,1014
1672,1017
1672,1019
1672,1020
1672,1021
1672,1023
1672,1025
1672,1026
1672,1027
1672,1030
1672,1031
1672,1032
1672,1034
1672,1037
1672,1044
1672,1048
1672,1054
1672,1056
1672,1058
1672,1062
1672,1063
1672,1067
1672,1074
1672,1081
1672,1082
1672,1083
1672,1089
1672,1090
1672,1093
1672,1101
1672,1102
1672,1105
1672,1122
1672,1220
1673,875
1673,876
1673,877
1674,906
1674,909
1674,921
1674,935
1674,937
1674,949
1674,952
1674,955
1674,956
1674,958
1674,959
1674,962
1674,967
1674,969
1674,973
1674,974
1674,975
1674,976
1674,977
1674,978
1674,979
1674,980
1674,981
1674,982
1674,983
1674,984
1674,985
1674,986
1674,987
1674,988
1674,989
1674,990
1674,991
1674,992
1674,993
1674,994
1674,995
1674,1006
1674,1007
1674,1009
1674,1010
1674,1011
1674,1012
1674,1013
1674,1014
1674,1015
1674,1017
1674,1020
1674,1021
1674,1022
1674,1024
1674,1026
1674,1027
1674,1028
1674,1031
1674,1037
1674,1040
1674,1041
1674,1049
1674,1051
1674,1053
1674,1054
1674,1057
1674,1059
1674,1060
1674,1062
1674,1065
1674,1069
1674,1071
1674,1073
1674,1075
1674,1077
1674,1078
1674,1079
1674,1081
1674,1082
1674,1083
1674,1084
1674,1086
1674,1087
1674,1088
1674,1089
1674,1090
1674,1092
1674,1093
1674,1095
1674,1096
1674,1098
1674,1099
1674,1101
1674,1106
1674,1108
1674,1130
1674,1142
1674,1144
1674,1202
1674,1204
1674,1220
1676,874
1676,875
1676,921
1676,954
1676,971
1676,975
1676,990
1676,992
1676,993
1676,994
1676,996
1676,997
1676,998
1676,1001
1676,1002
1676,1004
1676,1005
1676,1024
1676,1029
1676,1030
1676,1031
1676,1037
1676,1041
1676,1042
1676,1049
1676,1053
1676,1055
1676,1062
1676,1063
1676,1065
1676,1066
1676,1079
1676,1084
1676,1090
1676,1091
1676,1092
1676,1095
1676,1098
1676,1099
1676,1100
1676,1101
1676,1102
1676,1103
1676,1104
1676,1105
1676,1106
1676,1107
1676,1108
1676,1109
1676,1110
1676,1112
1676,1113
1676,1114
1676,1115
1676,1116
1676,1118
1676,1119
1676,1120
1676,1126
1676,1129
1676,1131
1676,1133
1676,1135
1676,1137
1676,1139
1676,1140
1676,1141
1676,1144
1676,1202
1676,1208
1676,1211
1676,1212
1676,1216
1676,1219
1678,875
1678,876
1678,878
1678,1042
1678,1043
1678,1044
1678,1046
1678,1047
1678,1053
1678,1054
1678,1058
1678,1081
1678,1097
1678,1102
1678,1105
1678,1107
1678,1109
1678,1110
1678,1112
1678,1113
1678,1114
1678,1115
1678,1116
1678,1117
1678,1118
1678,1119
1678,1121
1678,1122
1678,1123
1678,1124
1678,1125
1678,1126
1678,1127
1678,1129
1678,1130
1678,1131
1678,1132
1678,1133
1678,1134
1678,1136
1678,1138
1678,1140
1678,1141
1678,1142
1678,1143
1678,1144
1678,1145
1678,1146
1678,1147
1678,1148
1678,1149
1678,1151
1678,1152
1678,1153
1678,1154
1678,1155
1678,1156
1678,1158
1678,1159
1678,1161
1678,1162
1678,1201
1678,1202
1678,1206
1678,1209
1678,1210
1678,1212
1678,1214
1678,1216
1678,1217
1678,1218
1678,1219
1678,1220
1678,1221
1678,1223
1678,1224
1678,1226
1678,1227
1678,1267
1680,875
1680,877
1680,1043
1680,1044
1680,1045
1680,1046
1680,1050
1680,1051
1680,1053
1680,1090
1680,1121
1680,1123
1680,1124
1680,1126
1680,1127
1680,1128
1680,1129
1680,1130
1680,1132
1680,1133
1680,1135
1680,1136
1680,1137
1680,1138
1680,1139
1680,1140
1680,1141
1680,1142
1680,1143
1680,1144
1680,1145
1680,1146
1680,1147
1680,1148
1680,1149
1680,1150
1680,1151
1680,1152
1680,1153
1680,1154
1680,1155
1680,1156
1680,1157
1680,1158
1680,1159
1680,1160
1680,1161
1680,1162
1680,1163
1680,1164
1680,1165
1680,1166
1680,1167
1680,1168
1680,1169
1680,1170
1680,1171
1680,1172
1680,1173
1680,1174
1680,1175
1680,1176
1680,1178
1680,1179
1680,1180
1680,1181
1680,1182
1680,1183
1680,1185
1680,1189
1680,1191
1680,1193
1680,1196
1680,1197
1680,1198
1680,1199
1680,1200
1680,1201
1680,1202
1680,1203
1680,1205
1680,1207
1680,1208
1680,1209
1680,1210
1680,1215
1680,1216
1680,1217
1680,1218
1680,1219
1680,1221
1680,1222
1680,1224
1680,1225
1680,1226
1680,1227
1680,1228
1680,1229
1680,1230
1680,1372
1680,1375
1682,872
1682,876
1682,878
1682,1046
1682,1048
1682,1051
1682,1140
1682,1146
1682,1147
1682,1149
1682,1150
1682,1151
1682,1153
1682,1154
1682,1156
1682,1158
1682,1160
1682,1161
1682,1163
1682,1164
1682,1165
1682,1166
1682,1167
1682,1170
1682,1171
1682,1172
1682,1173
1682,1174
1682,1175
1682,1176
1682,1177
1682,1178
1682,1179
1682,1180
1682,1181
1682,1182
1682,1183
1682,1184
1682,1185
1682,1186
1682,1187
1682,1188
1682,1189
1682,1190
1682,1191
1682,1192
1682,1193
1682,1195
1682,1196
1682,1197
1682,1198
1682,1200
1682,1201
1682,1203
1682,1204
1682,1205
1682,1206
1682,1210
1682,1211
1682,1212
1682,1214
1682,1217
1682,1219
1682,1220
1682,1221
1682,1224
1682,1225
1682,1226
1682,1227
1682,1229
1682,1230
1682,1234
1682,1238
1682,1331
1682,1336
1682,1360
1682,1369
1684,875
1684,876
1684,1043
1684,1046
1684,1049
1684,1051
1684,1052
1684,1160
1684,1170
1684,1174
1684,1175
1684,1177
1684,1178
1684,1179
1684,1181
1684,1182
1684,1184
1684,1186
1684,1187
1684,1188
1684,1189
1684,1191
1684,1192
1684,1193
1684,1194
1684,1195
1684,1196
1684,1197
1684,1198
1684,1199
1684,1200
1684,1201
1684,1202
1684,1205
1684,1206
1684,1207
1684,1208
1684,1209
1684,1210
1684,1212
1684,1213
1684,1214
1684,1216
1684,1219
1684,1220
1684,1223
1684,1227
1684,1229
1684,1231
1684,1232
1684,1233
1684,1234
1684,1235
1684,1236
1684,1238
1684,1239
1684,1316
1684,1357
1684,1366
1684,1369
1684,1370
1686,873
1686,876
1686,879
1686,1048
1686,1171
1686,1177
1686,1180
1686,1183
1686,1187
1686,1188
1686,1189
1686,1190
1686,1191
1686,1192
1686,1193
1686,1194
1686,1195
1686,1196
1686,1197
1686,1198
1686,1199
1686,1201
1686,1202
1686,1205
1686,1210
1686,1211
1686,1213
1686,1214
1686,1217
1686,1218
1686,1219
1686,1224
1686,1226
1686,1229
1686,1230
1686,1232
1686,1236
1686,1237
1686,1238
1686,1240
1686,1241
1686,1243
1686,1278
1686,1335
1686,1352
1686,1370
1686,1371
1688,875
1688,876
1688,1045
1688,1184
1688,1188
1688,1205
1688,1214
1688,1216
1688,1217
1688,1225
1688,1230
1688,1232
1688,1234
1688,1235
1688,1237
1688,1238
1688,1242
1688,1243
1688,1245
1688,1247
1688,1249
1688,1252
1688,1253
1688,1254
1688,1259
1688,1270
1688,1299
1688,1321
1688,1336
1688,1342
1688,1356
1688,1370
1688,1371
1690,874
1690,875
1690,876
1690,877
1690,1234
1690,1236
1690,1237
1690,1239
1690,1240
1690,1241
1690,1242
1690,1243
1690,1244
1690,1245
1690,1246
1690,1247
1690,1248
1690,1249
1690,1250
1690,1251
1690,1252
1690,1254
1690,1255
1690,1256
1690,1257
1690,1258
1690,1259
1690,1260
1690,1262
1690,1263
1690,1265
1690,1270
1690,1273
1690,1287
1690,1290
1690,1294
1690,1299
1690,1302
1690,1303
1690,1331
1690,1338
1690,1340
1690,1342
1690,1343
1690,1351
1690,1355
1690,1358
1690,1367
1690,1368
1690,1369
1690,1373
1692,876
1692,1236
1692,1238
1692,1239
1692,1240
1692,1243
1692,1247
1692,1248
1692,1250
1692,1251
1692,1252
1692,1253
1692,1255
1692,1256
1692,1257
1692,1258
1692,1259
1692,1260
1692,1261
1692,1262
1692,1263
1692,1264
1692,1267
1692,1268
1692,1270
1692,1271
1692,1272
1692,1273
1692,1275
1692,1277
1692,1279
1692,1280
1692,1281
1692,1282
1692,1284
1692,1294
1692,1298
1692,1306
1692,1308
1692,1312
1692,1313
1692,1314
1692,1320
1692,1321
1692,1322
1692,1323
1692,1325
1692,1328
1692,1329
1692,1330
1692,1331
1692,1332
1692,1333
1692,1334
1692,1335
1692,1337
1692,1338
1692,1339
1692,1340
1692,1343
1692,1345
1692,1348
1692,1349
1692,1350
1692,1352
1692,1362
1692,1368
1692,1370
1692,1371
1692,1373
1692,1374
1692,1375
1692,1377
1694,874
1694,875
1694,876
1694,1232
1694,1233
1694,1235
1694,1236
1694,1237
1694,1239
1694,1240
1694,1242
1694,1243
1694,1245
1694,1246
1694,1247
1694,1250
1694,1251
1694,1252
1694,1255
1694,1256
1694,1257
1694,1258
1694,1260
1694,1261
1694,1262
1694,1264
1694,1266
1694,1267
1694,1268
1694,1269
1694,1270
1694,1272
1694,1273
1694,1274
1694,1275
1694,1276
1694,1278
1694,1280
1694,1284
1694,1285
1694,1286
1694,1287
1694,1289
1694,1290
1694,1291
1694,1292
1694,1295
1694,1297
1694,1298
1694,1301
1694,1302
1694,1304
1694,1306
1694,1310
1694,1311
1694,1313
1694,1314
1694,1316
1694,1317
1694,1318
1694,1319
1694,1320
1694,1323
1694,1324
1694,1325
1694,1326
1694,1327
1694,1328
1694,1329
1694,1330
1694,1332
1694,1334
1694,1335
1694,1336
1694,1337
1694,1341
1694,1344
1694,1346
1694,1347
1694,1348
1694,1352
1694,1353
1694,1354
1694,1368
1694,1369
1694,1370
1694,1372
1694,1373
1694,1374
1694,1375
1694,1379
1696,872
1696,873
1696,874
1696,875
1696,876
1696,879
1696,1247
1696,1248
1696,1249
1696,1250
1696,1251
1696,1252
1696,1253
1696,1254
1696,1255
1696,1256
1696,1258
1696,1259
1696,1260
1696,1262
1696,1263
1696,1264
1696,1265
1696,1266
1696,1267
1696,1268
1696,1270
1696,1271
1696,1272
1696,1273
1696,1274
1696,1275
1696,1276
1696,1277
1696,1278
1696,1279
1696,1281
1696,1282
1696,1283
1696,1284
1696,1285
1696,1287
1696,1288
1696,1289
1696,1290
1696,1291
1696,1292
1696,1293
1696,1295
1696,1298
1696,1299
1696,1301
1696,1304
1696,1305
1696,1306
1696,1307
1696,1309
1696,1310
1696,1312
1696,1313
1696,1315
1696,1316
1696,1317
1696,1318
1696,1319
1696,1320
1696,1321
1696,1322
1696,1326
1696,1327
1696,1329
1696,1331
1696,1333
1696,1334
1696,1335
1696,1337
1696,1340
1696,1342
1696,1345
1696,1348
1696,1351
1696,1353
1696,1371
1696,1372
1696,1376
1696,1377
1696,1381
1698,875
1698,1270
1698,1279
1698,1280
1698,1281
1698,1282
1698,1283
1698,1286
1698,1289
1698,1290
1698,1291
1698,1293
1698,1295
1698,1296
1698,1298
1698,1306
1698,1316
1698,1375
1698,1377
1698,1378
1700,873
1700,876
1700,1307
1700,1376
1700,1378
1702,876
1702,1375
1702,1376
1702,1377
1702,1378
1704,873
1704,875
1704,876
1704,1378
1704,1379
1704,1380
1706,875
1706,876
1706,877
1706,1379
1706,1380
1706,1381
1708,876
1708,1378
1708,1379
1708,1382
1710,876
1710,877
1710,878
1710,1380
1710,1381
1712,874
1712,876
1712,877
1712,1381
1712,1382
1714,871
1714,876
1714,877
1714,1380
1714,1381
1714,1383
1716,876
1716,877
1716,1382
1716,1383
1718,874
1718,875
1718,876
1718,877
1718,1381
1718,1384
1720,875
1720,876
1720,877
1720,1381
1720,1383
1722,868
1722,876
1722,877
1723,1381
1723,1382
1723,1383
1724,875
1724,876
1725,1380
1725,1381
1726,876
1727,1381
1728,875
1728,876
1730,875
1730,876
1730,878
1732,873
1732,876
1733,1382
1733,1385
1734,875
1734,876
1734,877
1735,1381
1735,1383
1735,1385
1736,874
1736,876
1737,1381
1739,875
1739,876
1739,1381
1739,1383
1741,874
1741,875
1741,876
1741,1381
1741,1382
1743,875
1743,876
1743,877
1743,1381
1745,868
1745,876
1745,877
1747,874
1747,876
1747,1379
1747,1380
1749,874
1749,875
1749,876
1749,1379
1749,1380
1751,873
1751,874
1751,875
1751,876
1751,1379
1751,1380
1753,874
1753,875
1753,876
1753,1380
1755,874
1755,875
1755,1377
1755,1379
1757,874
1757,875
1757,876
1757,1046
1757,1380
1759,873
1759,874
1759,875
1759,1047
1759,1379
1759,1380
1761,869
1761,873
1761,875
1761,1045
1761,1048
1761,1378
1761,1379
1761,1380
1763,874
1763,875
1763,1040
1763,1046
1763,1050
1763,1053
1763,1380
1765,873
1765,875
1765,876
1765,1039
1765,1040
1765,1041
1765,1045
1765,1379
1765,1380
1767,873
1767,874
1767,876
1767,1039
1767,1045
1767,1053
1767,1054
1767,1378
1769,875
1769,1038
1769,1039
1769,1049
1769,1050
1769,1380
1769,1382
1771,873
1771,874
1771,875
1771,1037
1771,1038
1771,1049
1771,1053
1771,1056
1771,1379
1773,874
1773,876
1773,1037
1773,1038
1773,1053
1773,1054
1773,1059
1773,1060
1773,1378
1773,1379
1775,874
1775,875
1775,876
1775,1036
1775,1037
1775,1056
1775,1057
1775,1058
1775,1377
1775,1379
1775,1380
1777,874
1777,875
1777,1036
1777,1037
1777,1057
1777,1060
1777,1379
1779,874
1779,1035
1779,1036
1779,1060
1779,1061
1779,1065
1779,1379
1779,1380
1781,874
1781,875
1781,877
1781,1034
1781,1035
1781,1063
1781,1064
1781,1069
1781,1377
1783,872
1783,873
1783,874
1783,875
1783,1034
1783,1035
1783,1064
1783,1065
1783,1066
1783,1379
1785,873
1785,874
1785,1033
1785,1034
1785,1065
1785,1066
1785,1067
1786,1377
1786,1379
1786,1380
1787,873
1787,874
1787,875
1787,1033
1787,1034
1787,1067
1787,1069
1787,1071
1787,1074
1788,1379
1789,872
1789,873
1789,1032
1789,1033
1789,1034
1789,1071
1789,1072
1789,1075
1790,1378
1790,1379
1791,872
1791,874
1791,1032
1791,1033
1791,1070
1791,1074
1791,1076
1791,1078
1792,1379
1793,873
1793,874
1793,875
1793,1032
1793,1033
1793,1073
1793,1074
1793,1076
1793,1077
1794,1377
1794,1379
1795,873
1795,874
1796,1032
1796,1076
1796,1077
1796,1078
1796,1079
1796,1082
1796,1379
1797,873
1797,874
1797,875
1798,1030
1798,1031
1798,1032
1798,1078
1798,1079
1798,1080
1798,1081
1798,1377
1798,1379
1798,1381
1799,871
1799,873
1799,875
1800,1031
1800,1032
1800,1081
1800,1082
1800,1083
1800,1086
1800,1378
1802,873
1802,874
1802,1030
1802,1081
1802,1083
1802,1084
1802,1085
1802,1379
1804,871
1804,873
1804,874
1804,1030
1804,1083
1804,1085
1804,1086
1804,1087
1804,1089
1804,1379
1806,874
1806,1029
1806,1086
1806,1087
1806,1088
1806,1089
1806,1092
1806,1377
1806,1378
1806,1379
1808,871
1808,873
1808,875
1808,1029
1808,1031
1808,1032
1808,1090
1808,1091
1808,1093
1808,1379
1810,873
1810,874
1810,1030
1810,1032
1810,1033
1810,1038
1810,1090
1810,1092
1810,1093
1810,1378
1810,1379
1812,870
1812,873
1812,874
1812,875
1812,1028
1812,1030
1812,1032
1812,1033
1812,1034
1812,1035
1812,1036
1812,1092
1812,1094
1812,1095
1812,1096
1812,1097
1812,1379
1814,871
1814,873
1814,874
1814,1027
1814,1037
1814,1038
1814,1094
1814,1096
1814,1097
1814,1098
1814,1099
1814,1101
1814,1293
1814,1294
1814,1295
1814,1296
1814,1297
1814,1298
1814,1299
1814,1300
1814,1301
1814,1302
1814,1303
1814,1376
1814,1379
1816,873
1816,875
1816,1027
1816,1033
1816,1034
1816,1036
1816,1038
1816,1044
1816,1097
1816,1098
1816,1099
1816,1100
1816,1293
1816,1294
1816,1295
1816,1296
1816,1378
1816,1379
1818,870
1818,872
1818,873
1818,1035
1818,1036
1818,1037
1818,1039
1818,1040
1818,1041
1818,1042
1818,1044
1818,1099
1818,1101
1818,1105
1818,1290
1818,1291
1818,1292
1818,1295
1818,1378
1820,872
1820,874
1820,1038
1820,1039
1820,1042
1820,1043
1820,1101
1820,1102
1820,1103
1820,1108
1820,1288
1820,1290
1820,1291
1820,1376
1822,867
1822,872
1822,873
1822,1040
1822,1043
1822,1044
1822,1045
1822,1100
1822,1101
1822,1102
1822,1103
1822,1104
1822,1105
1822,1109
1822,1285
1822,1287
1822,1288
1822,1378
1822,1379
1824,872
1824,873
1824,874
1824,1042
1824,1045
1824,1046
1824,1047
1824,1049
1824,1050
1824,1051
1824,1104
1824,1105
1824,1106
1824,1114
1824,1284
1824,1286
1824,1288
1824,1289
1824,1378
1824,1379
1826,872
1826,873
1826,874
1826,876
1826,1044
1826,1045
1826,1047
1826,1049
1826,1106
1826,1107
1826,1108
1826,1112
1826,1113
1826,1283
1826,1285
1826,1286
1826,1287
1826,1376
1826,1379
1828,872
1828,873
1828,1046
1828,1049
1828,1050
1828,1052
1828,1106
1828,1108
1828,1109
1828,1110
1828,1115
1828,1282
1828,1284
1828,1286
1828,1377
1828,1378
1830,872
1830,873
1830,874
1830,1047
1830,1048
1830,1051
1830,1053
1830,1057
1830,1110
1830,1111
1830,1112
1830,1113
1830,1116
1830,1281
1830,1283
1830,1284
1830,1378
1830,1379
1832,872
1832,875
1832,1049
1832,1052
1832,1053
1832,1055
1832,1056
1832,1113
1832,1114
1832,1115
1832,1118
1832,1119
1832,1282
1832,1283
1832,1284
1832,1376
1834,872
1834,873
1834,875
1834,1051
1834,1055
1834,1056
1834,1057
1834,1114
1834,1116
1834,1117
1834,1118
1834,1120
1834,1281
1834,1282
1834,1283
1834,1376
1834,1380
1836,871
1836,872
1836,873
1836,874
1836,1049
1836,1056
1836,1058
1836,1059
1836,1063
1836,1115
1836,1116
1836,1117
1836,1118
1836,1119
1836,1122
1836,1280
1836,1282
1836,1375
1836,1378
1838,872
1838,1055
1838,1056
1838,1059
1838,1062
1838,1117
1838,1118
1838,1120
1838,1121
1838,1125
1838,1279
1838,1280
1838,1281
1838,1283
1838,1376
1838,1378
1838,1379
1840,872
1840,874
1840,1057
1840,1058
1840,1060
1840,1061
1840,1062
1840,1063
1840,1118
1840,1119
1840,1120
1840,1121
1840,1122
1840,1123
1840,1127
1840,1276
1840,1279
1840,1281
1840,1282
1842,872
1842,875
1842,1058
1842,1060
1842,1061
1842,1062
1842,1064
1842,1065
1842,1069
1842,1072
1842,1121
1842,1123
1842,1124
1842,1125
1842,1128
1842,1277
1842,1278
1842,1279
1842,1280
1842,1378
1842,1379
1844,871
1844,873
1844,1060
1844,1063
1844,1064
1844,1067
1844,1122
1844,1123
1844,1125
1844,1126
1844,1127
1844,1128
1844,1130
1844,1278
1844,1279
1844,1281
1844,1378
1846,871
1846,872
1846,1063
1846,1064
1846,1065
1846,1066
1846,1067
1846,1068
1846,1124
1846,1125
1846,1128
1846,1129
1846,1130
1846,1132
1846,1278
1846,1279
1846,1378
1848,869
1848,871
1848,872
1848,1065
1848,1067
1848,1069
1848,1070
1848,1073
1848,1074
1848,1125
1848,1129
1848,1130
1848,1131
1848,1133
1848,1134
1848,1278
1849,1378
1849,1379
1850,871
1850,872
1850,873
1850,1065
1850,1066
1850,1067
1850,1068
1850,1069
1850,1071
1850,1072
1850,1132
1850,1133
1850,1134
1850,1136
1850,1140
1850,1276
1850,1278
1852,871
1852,1065
1852,1067
1852,1071
1852,1072
1852,1074
1852,1132
1852,1133
1852,1134
1852,1135
1852,1136
1852,1138
1853,1275
1853,1278
1853,1328
1853,1378
1854,870
1854,871
1854,872
1854,1070
1854,1073
1854,1075
1854,1080
1854,1133
1854,1136
1854,1137
1854,1138
1854,1139
1854,1140
1855,1277
1855,1279
1855,1378
1855,1379
1856,871
1856,1069
1856,1073
1856,1075
1856,1076
1856,1077
1856,1078
1856,1083
1857,1134
1857,1135
1857,1137
1857,1139
1857,1140
1857,1141
1857,1276
1857,1277
1857,1278
1858,871
1858,872
1859,1076
1859,1077
1859,1078
1859,1080
1859,1135
1859,1138
1859,1142
1859,1276
1859,1277
1859,1328
1859,1378
1859,1379
1860,871
1860,872
1861,1077
1861,1079
1861,1080
1861,1081
1861,1082
1861,1083
1861,1085
1861,1138
1861,1139
1861,1140
1861,1276
1861,1278
1861,1378
1862,862
1862,871
1862,874
1863,1079
1863,1080
1863,1082
1863,1083
1863,1085
1863,1086
1863,1088
1863,1138
1863,1276
1863,1277
1863,1328
1865,870
1865,871
1865,873
1865,1081
1865,1084
1865,1085
1865,1088
1865,1089
1865,1137
1865,1138
1865,1139
1865,1142
1865,1275
1865,1276
1865,1278
1865,1279
1865,1328
1865,1376
1865,1377
1867,871
1867,872
1867,874
1867,1079
1867,1082
1867,1086
1867,1089
1867,1090
1867,1093
1867,1137
1867,1140
1867,1141
1867,1275
1867,1276
1867,1277
1867,1278
1867,1378
1869,870
1869,871
1869,873
1869,1082
1869,1084
1869,1085
1869,1087
1869,1088
1869,1089
1869,1092
1869,1094
1869,1136
1869,1141
1869,1276
1869,1277
1869,1279
1869,1281
1869,1328
1869,1378
1871,871
1871,872
1871,875
1871,1082
1871,1086
1871,1087
1871,1089
1871,1091
1871,1093
1871,1094
1871,1135
1871,1137
1871,1138
1871,1140
1871,1277
1871,1279
1871,1327
1871,1328
1871,1375
1871,1377
1871,1379
1873,870
1873,871
1873,872
1873,874
1873,1088
1873,1090
1873,1092
1873,1093
1873,1135
1873,1136
1873,1276
1873,1277
1873,1279
1873,1281
1873,1327
1873,1328
1875,871
1875,872
1875,1091
1875,1092
1875,1093
1875,1094
1875,1095
1875,1097
1875,1098
1875,1135
1875,1137
1875,1140
1875,1276
1875,1277
1875,1327
1875,1378
1877,870
1877,871
1877,872
1877,873
1877,1094
1877,1096
1877,1098
1877,1099
1877,1134
1877,1136
1877,1277
1877,1279
1877,1280
1877,1281
1877,1282
1877,1327
1877,1377
1877,1378
1879,871
1879,872
1879,873
1879,1093
1879,1096
1879,1097
1879,1098
1879,1099
1879,1100
1879,1101
1879,1103
1879,1132
1879,1134
1879,1135
1879,1139
1879,1277
1879,1326
1879,1376
1879,1377
1881,870
1881,872
1881,878
1881,1094
1881,1095
1881,1101
1881,1103
1881,1104
1881,1277
1881,1278
1881,1281
1881,1282
1881,1283
1881,1326
1881,1327
1881,1377
1883,865
1883,871
1883,873
1883,875
1883,1097
1883,1098
1883,1100
1883,1104
1883,1105
1883,1133
1883,1134
1883,1278
1883,1279
1883,1281
1883,1325
1883,1326
1883,1375
1883,1377
1883,1378
1883,1379
1885,871
1885,873
1885,1102
1885,1103
1885,1107
1885,1131
1885,1132
1885,1134
1885,1136
1885,1278
1885,1279
1885,1283
1885,1284
1885,1325
1885,1377
1885,1378
1887,871
1887,873
1887,875
1887,1101
1887,1102
1887,1103
1887,1107
1887,1109
1887,1132
1887,1278
1887,1283
1887,1284
1887,1324
1887,1325
1887,1377
1889,875
1889,1103
1889,1104
1889,1105
1889,1106
1889,1107
1889,1108
1889,1109
1889,1111
1889,1131
1889,1133
1889,1134
1889,1136
1889,1137
1889,1279
1889,1280
1889,1284
1889,1323
1889,1324
1889,1378
1891,870
1891,872
1891,874
1891,1104
1891,1106
1891,1107
1891,1109
1891,1110
1891,1111
1891,1112
1891,1113
1891,1129
1891,1132
1891,1133
1891,1134
1891,1280
1891,1281
1891,1284
1891,1285
1891,1286
1891,1322
1891,1323
1891,1377
1891,1378
1893,870
1893,872
1893,873
1893,875
1893,1108
1893,1109
1893,1114
1893,1115
1893,1116
1893,1129
1893,1130
1893,1132
1893,1284
1893,1285
1893,1290
1893,1321
1893,1322
1893,1375
1893,1377
1895,870
1895,872
1895,873
1895,877
1895,1110
1895,1111
1895,1112
1895,1116
1895,1130
1895,1131
1895,1134
1895,1135
1895,1281
1895,1282
1895,1286
1895,1287
1895,1320
1895,1321
1895,1323
1895,1377
1895,1378
1895,1379
1897,869
1897,875
1897,1112
1897,1113
1897,1115
1897,1116
1897,1117
1897,1118
1897,1119
1897,1121
1897,1127
1897,1135
1897,1282
1897,1287
1897,1288
1897,1317
1897,1319
1897,1320
1897,1322
1897,1377
1897,1378
1899,870
1899,872
1899,873
1899,1111
1899,1114
1899,1117
1899,1118
1899,1119
1899,1121
1899,1122
1899,1130
1899,1131
1899,1132
1899,1133
1899,1134
1899,1288
1899,1289
1899,1290
1899,1317
1899,1318
1899,1319
1899,1320
1899,1377
1899,1378
1899,1379
1901,868
1901,1113
1901,1114
1901,1115
1901,1116
1901,1119
1901,1120
1901,1122
1901,1125
1901,1128
1901,1130
1901,1131
1901,1134
1901,1284
1901,1288
1901,1289
1901,1316
1901,1317
1901,1318
1901,1377
1901,1378
1903,870
1903,872
1903,873
1903,1116
1903,1118
1903,1121
1903,1123
1903,1125
1903,1127
1903,1130
1903,1132
1903,1133
1903,1285
1903,1290
1903,1291
1903,1313
1903,1314
1903,1315
1903,1316
1903,1377
1905,868
1905,872
1905,873
1905,874
1905,1120
1905,1123
1905,1124
1905,1125
1905,1126
1905,1128
1905,1132
1905,1291
1905,1292
1905,1293
1905,1307
1905,1308
1905,1309
1905,1310
1905,1311
1905,1312
1905,1313
1905,1314
1905,1315
1905,1318
1905,1376
1905,1377
1905,1378
1907,869
1907,870
1907,872
1907,874
1907,1120
1907,1122
1907,1126
1907,1127
1907,1129
1907,1130
1907,1132
1907,1289
1907,1291
1907,1292
1907,1293
1907,1294
1907,1295
1907,1296
1907,1298
1907,1302
1907,1303
1907,1304
1907,1306
1907,1307
1907,1310
1907,1311
1907,1312
1907,1313
1907,1377
1907,1378
1909,869
1909,872
1909,1124
1909,1125
1909,1128
1909,1129
1909,1130
1909,1292
1909,1295
1909,1296
1909,1297
1909,1298
1909,1299
1909,1300
1909,1301
1909,1302
1909,1303
1909,1304
1909,1305
1909,1306
1909,1307
1909,1308
1909,1309
1909,1315
1909,1377
1909,1378
1911,872
1911,873
1911,874
1911,1127
1911,1128
1911,1130
1911,1131
1911,1292
1911,1293
1911,1294
1911,1296
1911,1298
1911,1299
1911,1301
1911,1304
1911,1309
1911,1313
1912,1376
1912,1377
1912,1378
1913,869
1913,870
1913,1129
1914,1295
1914,1296
1914,1301
1914,1302
1914,1303
1914,1304
1914,1305
1914,1306
1914,1307
1914,1308
1914,1309
1914,1310
1914,1311
1914,1377
1915,870
1915,872
1915,874
1916,1297
1916,1298
1916,1304
1916,1377
1916,1378
1917,870
1917,872
1917,873
1917,874
1918,1376
1918,1377
1919,870
1919,873
1920,1375
1920,1376
1920,1377
1921,870
1921,871
1921,872
1921,874
1922,1373
1922,1376
1922,1377
1922,1378
1923,874
1924,1376
1924,1377
1924,1378
1925,870
1925,872
1926,1377
1926,1378
1928,870
1928,872
1928,873
1928,874
1928,1376
1928,1377
1930,858
1930,870
1930,874
1930,1376
1930,1377
1930,1378
1932,867
1932,870
1932,873
1932,1376
1932,1377
1934,870
1934,871
1934,872
1934,1376
1936,870
1936,873
1936,1376
1936,1377
1936,1378
1938,866
1938,870
1938,875
1938,1375
1938,1377
1940,869
1940,870
1940,872
1940,873
1940,874
1940,1375
1940,1376
1940,1377
1942,870
1942,873
1942,1375
1942,1377
1944,869
1944,870
1944,872
1944,875
1944,1376
1944,1377
1946,873
1946,1376
1946,1377
1948,869
1948,870
1948,874
1948,1375
1948,1377
1950,872
1950,873
1950,874
1950,1375
1950,1377
1952,869
1952,870
1952,874
1952,1375
1952,1377
1954,868
1954,869
1954,870
1954,1375
1954,1376
1954,1377
1956,870
1956,874
1956,875
1956,1375
1956,1377
1958,869
1958,872
1958,873
1958,874
1958,1374
1958,1376
1960,870
1960,873
1960,1376
1960,1377
1962,870
1962,872
1962,874
1962,1374
1962,1377
1964,869
1964,872
1964,873
1964,1376
1964,1377
1964,1378
1966,869
1966,870
1966,871
1966,872
1966,873
1966,1374
1966,1376
1966,1378
1968,868
1968,1374
1968,1378
1970,869
1970,871
1970,872
1970,873
1970,874
1970,1375
1970,1376
1970,1377
1972,869
1972,870
1972,1376
1974,869
1974,871
1974,873
1974,874
1975,1377
1976,870
1976,873
1977,1375
1977,1376
1977,1377
1978,869
1978,871
1978,874
1979,1374
1979,1375
1979,1376
1979,1377
1980,869
1980,872
1980,873
1981,1376
1981,1377
1982,870
1982,871
1982,873
1983,1374
1983,1375
1983,1376
1983,1377
1984,870
1984,873
1984,874
1985,1376
1985,1377
1986,869
1986,871
1987,1374
1987,1375
1987,1376
1987,1377
1988,870
1988,872
1988,873
1988,874
1989,1375
1989,1376
1989,1377
1989,1378
1991,871
1991,872
1991,1375
1991,1376
1991,1377
1991,1379
1993,869
1993,870
1993,874
1993,1376
1993,1377
1993,1378
1995,870
1995,871
1995,873
1995,874
1995,1376
1995,1377
1995,1378
1997,873
1999,869
1999,871
1999,873
1999,874
2001,869
2001,870
2001,874
2001,1375
2001,1379
2003,868
2003,871
2003,873
2003,874
2003,1378
2003,1379
2005,872
2005,873
2005,1378
2007,868
2007,869
2007,871
2007,873
2007,874
2007,1378
2009,1379
2011,868
2011,872
2011,873
2011,1378
2013,869
2013,870
2013,871
2013,873
2013,1376
2015,873
2015,1375
2015,1377
2015,1378
2015,1379
2017,870
2017,872
2017,1375
2017,1376
2017,1378
2019,868
2019,872
2019,873
2019,1376
2019,1377
2019,1380
2021,868
2021,869
2021,872
2021,873
2021,874
2021,1374
2023,868
2023,870
2023,1374
2023,1376
2023,1378
2025,872
2025,873
2025,1375
2025,1378
2027,872
2027,873
2027,1375
2027,1376
2027,1377
2027,1378
2027,1379
2029,867
2029,868
2029,869
2029,870
2029,873
2029,1377
2029,1378
2029,1379
2031,872
2031,873
2031,875
2031,1377
2031,1378
2033,868
2033,870
2033,872
2033,1375
2033,1378
2035,868
2035,870
2035,873
2035,1374
2035,1376
2037,869
2037,872
2037,873
2038,1375
2038,1376
2038,1377
2039,867
2039,870
2039,873
2040,1376
2040,1377
2041,868
2041,873
2041,874
2042,1373
2042,1375
2042,1376
2042,1377
2042,1379
2043,868
2043,871
2043,872
2043,873
2044,1376
2044,1378
2044,1379
2045,871
2045,872
2045,874
2046,1377
2046,1381
2047,865
2047,867
2047,869
2047,872
2047,874
2048,1377
2048,1379
2049,867
2049,869
2049,870
2050,1375
2050,1376
2050,1378
2051,868
2051,870
2051,872
2051,874
2052,1375
2052,1376
2052,1377
2054,870
2054,872
2054,874
2054,1374
2054,1377
2056,869
2056,871
2056,872
2056,874
2056,1372
2056,1375
2056,1376
2056,1377
2058,865
2058,867
2058,870
2058,874
2058,1376
2058,1377
2060,871
2060,872
2060,873
2060,874
2060,875
2060,1371
2060,1376
2060,1377
2062,861
2062,867
2062,872
2062,873
2062,1375
2062,1377
2064,870
2064,874
2064,1374
2064,1375
2066,869
2066,870
2066,874
2066,1375
2066,1376
2066,1377
2066,1378
2068,866
2068,867
2068,869
2068,871
2068,1376
2068,1377
2068,1378
2068,1379
2070,867
2070,872
2070,873
2072,870
2072,873
2072,874
2072,1378
2074,866
2074,872
2074,873
2074,874
2074,1377
2074,1378
2076,871
2076,874
2078,874
2078,1374
2078,1376
2078,1377
2080,867
2080,870
2080,871
2080,873
2080,874
2080,1372
2080,1373
2080,1375
2082,866
2082,871
2082,873
2082,874
2082,1372
2082,1373
2082,1375
2082,1376
2082,1380
2084,869
2084,871
2084,873
2084,874
2084,1374
2084,1375
2086,865
2086,866
2086,869
2086,870
2086,1372
2086,1375
2086,1378
2088,871
2088,873
2088,1370
2088,1373
2088,1374
2088,1375
2088,1376
2088,1379
2090,871
2090,872
2090,874
2090,1372
2090,1374
2090,1375
2092,870
2092,873
2092,1373
2092,1374
2092,1375
2094,870
2094,872
2094,873
2094,1371
2094,1372
2094,1373
2094,1374
2094,1375
2096,870
2096,871
2096,872
2096,873
2096,874
2096,1207
2096,1209
2096,1373
2096,1374
2096,1375
2096,1378
2098,871
2098,872
2098,1220
2098,1224
2098,1230
2098,1373
2098,1379
2100,868
2100,872
2100,1206
2100,1207
2100,1210
2100,1214
2100,1216
2100,1217
2100,1219
2100,1226
2100,1227
2100,1228
2100,1230
2100,1231
2100,1232
2100,1235
2100,1236
2100,1240
2100,1241
2100,1263
2101,1370
2101,1374
2101,1375
2102,864
2102,869
2102,870
2102,871
2102,873
2102,1205
2102,1210
2102,1212
2102,1213
2102,1216
2102,1218
2102,1222
2102,1231
2102,1233
2102,1234
2102,1236
2102,1237
2102,1238
2102,1240
2102,1241
2102,1243
2102,1246
2102,1247
2102,1248
2102,1252
2102,1258
2102,1261
2103,1374
2103,1375
2103,1376
2104,872
2104,1202
2104,1209
2104,1212
2104,1215
2105,1218
2105,1221
2105,1222
2105,1224
2105,1226
2105,1234
2105,1244
2105,1247
2105,1248
2105,1250
2105,1253
2105,1254
2105,1255
2105,1256
2105,1257
2105,1259
2105,1260
2105,1261
2105,1371
2105,1373
2105,1374
2105,1375
2105,1376
2106,866
2106,872
2107,1202
2107,1203
2107,1204
2107,1205
2107,1206
2107,1208
2107,1209
2107,1210
2107,1212
2107,1215
2107,1217
2107,1218
2107,1219
2107,1220
2107,1225
2107,1227
2107,1228
2107,1229
2107,1230
2107,1231
2107,1232
2107,1235
2107,1236
2107,1238
2107,1239
2107,1240
2107,1242
2107,1243
2107,1245
2107,1246
2107,1249
2107,1250
2107,1251
2107,1252
2107,1253
2107,1254
2107,1255
2107,1256
2107,1257
2107,1258
2107,1370
2107,1372
2107,1373
2107,1374
2107,1378
2108,870
2108,872
2109,1203
2109,1204
2109,1205
2109,1207
2109,1212
2109,1213
2109,1215
2109,1216
2109,1217
2109,1219
2109,1221
2109,1223
2109,1226
2109,1228
2109,1229
2109,1232
2109,1236
2109,1242
2109,1244
2109,1246
2109,1252
2109,1253
2109,1256
2109,1259
2109,1260
2109,1261
2109,1262
2109,1263
2109,1264
2109,1370
2109,1372
2109,1374
2109,1375
2109,1379
2110,869
2110,871
2110,872
2110,873
2111,1202
2111,1203
2111,1204
2111,1205
2111,1207
2111,1225
2111,1227
2111,1229
2111,1232
2111,1234
2111,1237
2111,1240
2111,1243
2111,1246
2111,1251
2111,1257
2111,1258
2111,1260
2111,1262
2111,1263
2111,1370
2111,1372
2111,1373
2112,870
2112,872
2113,1201
2113,1203
2113,1204
2113,1243
2113,1246
2113,1250
2113,1253
2113,1257
2113,1261
2113,1263
2113,1370
2113,1372
2114,867
2114,871
2114,872
2115,1203
2115,1204
2115,1205
2115,1262
2115,1264
2115,1370
2115,1372
2115,1374
2117,866
2117,869
2117,870
2117,872
2117,1203
2117,1204
2117,1211
2117,1261
2117,1369
2117,1370
2117,1373
2119,868
2119,869
2119,871
2119,872
2119,1203
2119,1204
2119,1262
2119,1369
2119,1371
2119,1372
2119,1375
2119,1378
2121,866
2121,872
2121,1202
2121,1203
2121,1204
2121,1261
2121,1262
2121,1371
2121,1372
2121,1373
2121,1374
2121,1379
2123,871
2123,1202
2123,1203
2123,1204
2123,1205
2123,1261
2123,1262
2123,1264
2123,1369
2123,1370
2123,1371
2123,1372
2123,1373
2123,1376
2125,869
2125,871
2125,872
2125,1202
2125,1203
2125,1204
2125,1261
2125,1369
2125,1370
2125,1372
2125,1373
2127,867
2127,870
2127,871
2127,872
2127,1201
2127,1202
2127,1204
2127,1262
2127,1369
2127,1370
2127,1372
2129,870
2129,871
2129,872
2129,1202
2129,1203
2129,1204
2129,1206
2129,1261
2129,1264
2129,1369
2129,1371
2129,1372
2129,1373
2131,866
2131,870
2131,872
2131,1202
2131,1204
2131,1205
2131,1261
2131,1262
2131,1264
2131,1372
2131,1378
2133,871
2133,1202
2133,1203
2133,1204
2133,1206
2133,1261
2133,1262
2133,1263
2133,1368
2133,1371
2133,1372
2133,1375
2135,864
2135,866
2135,871
2135,872
2135,1202
2135,1203
2135,1204
2135,1205
2135,1261
2135,1262
2135,1263
2135,1264
2135,1371
2135,1372
2135,1373
2135,1375
2137,869
2137,870
2137,871
2137,1201
2137,1204
2137,1205
2137,1261
2137,1368
2137,1369
2137,1371
2137,1372
2137,1375
2139,867
2139,870
2139,872
2139,1202
2139,1203
2139,1204
2139,1205
2139,1261
2139,1263
2139,1264
2139,1369
2139,1371
2139,1372
2139,1375
2141,866
2141,871
2141,1202
2141,1204
2141,1260
2141,1261
2141,1262
2141,1263
2141,1371
2141,1372
2141,1378
2143,872
2143,1201
2143,1203
2143,1204
2143,1260
2143,1261
2143,1263
2143,1368
2143,1369
2143,1370
2143,1372
2145,867
2145,868
2145,871
2145,872
2145,1202
2145,1204
2145,1212
2145,1261
2145,1263
2145,1264
2145,1368
2145,1369
2145,1371
2145,1372
2147,868
2147,869
2147,871
2147,1202
2147,1204
2147,1260
2147,1261
2147,1371
2147,1372
2149,866
2149,870
2149,871
2149,1201
2149,1202
2149,1203
2149,1204
2149,1260
2149,1261
2149,1262
2149,1368
2149,1370
2149,1371
2149,1372
2151,868
2151,870
2151,871
2151,872
2151,1202
2151,1204
2151,1205
2151,1260
2151,1261
2151,1264
2151,1371
2151,1372
2151,1374
2153,871
2153,872
2153,1202
2153,1203
2153,1204
2153,1260
2153,1261
2153,1370
2153,1371
2153,1372
2153,1373
2153,1376
2155,866
2155,870
2155,871
2155,1203
2155,1204
2155,1205
2155,1261
2155,1263
2155,1370
2155,1371
2155,1372
2155,1375
2155,1378
2157,869
2157,870
2157,871
2157,1202
2157,1203
2157,1204
2157,1260
2157,1261
2157,1263
2157,1368
2157,1370
2157,1371
2159,868
2159,871
2159,872
2159,1202
2159,1204
2159,1260
2159,1261
2159,1262
2159,1263
2159,1370
2159,1371
2159,1372
2161,867
2161,869
2161,870
2161,872
2161,1201
2161,1202
2161,1203
2161,1204
2161,1261
2161,1262
2161,1371
2161,1372
2163,870
2163,871
2163,1202
2163,1203
2163,1204
2163,1260
2163,1262
2163,1263
2164,1370
2164,1371
2165,865
2165,868
2165,869
2165,871
2165,872
2165,1202
2165,1203
2165,1260
2165,1261
2166,1371
2167,867
2167,868
2167,871
2167,1202
2167,1203
2168,1260
2168,1261
2168,1370
2168,1371
2168,1379
2169,866
2169,868
2169,869
2169,871
2170,1201
2170,1203
2170,1206
2170,1259
2170,1260
2170,1262
2170,1263
2170,1369
2170,1370
2170,1371
2170,1375
2171,865
2171,870
2171,871
2172,1201
2172,1203
2172,1204
2172,1262
2172,1369
2172,1370
2172,1371
2172,1374
2173,870
2174,1203
2174,1205
2174,1258
2174,1259
2174,1260
2174,1369
2174,1370
2174,1371
2174,1375
2175,868
2175,871
2175,872
2176,1202
2176,1203
2176,1262
2176,1263
2176,1369
2176,1370
2176,1371
2177,866
2177,872
2178,1201
2178,1203
2178,1213
2178,1259
2178,1260
2178,1262
2178,1370
2178,1371
2180,869
2180,870
2180,872
2180,1200
2180,1201
2180,1203
2180,1259
2180,1260
2180,1262
2180,1263
2180,1368
2180,1369
2180,1370
2180,1371
2182,865
2182,868
2182,869
2182,871
2182,873
2182,1202
2182,1203
2182,1204
2182,1259
2182,1261
2182,1262
2182,1369
2182,1370
2182,1371
2182,1378
2184,870
2184,1201
2184,1202
2184,1203
2184,1204
2184,1258
2184,1261
2184,1369
2184,1370
2184,1371
2184,1373
2186,866
2186,867
2186,870
2186,871
2186,1200
2186,1202
2186,1203
2186,1259
2186,1260
2186,1261
2186,1369
2186,1370
2186,1374
2188,871
2188,872
2188,1201
2188,1202
2188,1260
2188,1261
2188,1369
2188,1370
2188,1373
2190,868
2190,869
2190,871
2190,1201
2190,1202
2190,1203
2190,1259
2190,1260
2190,1261
2190,1368
2190,1369
2190,1370
2192,866
2192,867
2192,1201
2192,1203
2192,1259
2192,1260
2192,1261
2192,1370
2194,867
2194,868
2194,870
2194,1200
2194,1201
2194,1202
2194,1204
2194,1259
2194,1260
2194,1261
2194,1368
2194,1369
2194,1370
2196,869
2196,870
2196,871
2196,1200
2196,1201
2196,1203
2196,1204
2196,1260
2196,1261
2196,1369
2196,1370
2198,870
2198,872
2198,1200
2198,1201
2198,1202
2198,1203
2198,1259
2198,1260
2198,1369
2198,1370
2198,1379
2200,867
2200,868
2200,1200
2200,1201
2200,1202
2200,1203
2200,1205
2200,1260
2200,1261
2200,1368
2200,1369
2202,865
2202,866
2202,869
2202,870
2202,1200
2202,1201
2202,1204
2202,1259
2202,1260
2202,1369
2202,1371
2204,869
2204,872
2204,1200
2204,1201
2204,1203
2204,1204
2204,1259
2204,1260
2204,1262
2204,1368
2204,1369
2204,1370
2204,1372
2204,1374
2206,867
2206,871
2206,1199
2206,1200
2206,1201
2206,1259
2206,1260
2206,1261
2206,1369
2206,1370
2208,864
2208,866
2208,869
2208,871
2208,1200
2208,1201
2208,1204
2208,1258
2208,1259
2208,1260
2208,1368
2208,1369
2208,1370
2210,869
2210,870
2210,871
2210,1199
2210,1200
2210,1201
2210,1259
2210,1260
2210,1261
2210,1368
2210,1369
2210,1371
2210,1375
2212,869
2212,1200
2212,1201
2212,1204
2212,1259
2212,1260
2212,1367
2212,1368
2212,1369
2212,1379
2214,869
2214,870
2214,871
2214,1199
2214,1200
2214,1201
2214,1259
2214,1260
2214,1262
2214,1368
2216,868
2216,869
2216,871
2216,1199
2216,1200
2216,1213
2216,1259
2216,1260
2216,1261
2216,1367
2216,1368
2216,1369
2218,869
2218,872
2218,1200
2218,1201
2218,1202
2218,1258
2218,1260
2218,1261
2218,1367
2218,1368
2218,1369
2220,864
2220,866
2220,868
2220,869
2220,1199
2220,1200
2220,1203
2220,1204
2220,1205
2220,1208
2220,1210
2220,1213
2220,1214
2220,1217
2220,1218
2220,1222
2220,1226
2220,1230
2220,1259
2220,1260
2220,1261
2220,1367
2220,1368
2220,1369
2222,866
2222,867
2222,870
2222,871
2222,1199
2222,1200
2222,1201
2222,1202
2222,1206
2222,1212
2222,1218
2222,1221
2222,1222
2222,1223
2222,1225
2222,1228
2222,1231
2222,1232
2222,1233
2222,1234
2222,1236
2222,1239
2222,1240
2222,1241
2222,1243
2222,1244
2222,1246
2222,1259
2222,1260
2222,1261
2222,1368
2222,1369
2222,1372
2224,867
2224,869
2224,871
2224,1200
2224,1201
2224,1202
2224,1228
2224,1231
2224,1232
2224,1235
2224,1239
2224,1241
2224,1242
2224,1245
2224,1247
2224,1248
2224,1249
2224,1251
2224,1253
2224,1254
2224,1256
2224,1258
2224,1259
2224,1260
2224,1261
2224,1368
2224,1369
2224,1371
2226,867
2226,870
2226,871
2226,1199
2226,1200
2226,1201
2226,1259
2226,1260
2227,1367
2227,1369
2228,870
2228,871
2228,1200
2228,1201
2228,1206
2229,1368
2229,1369
2230,868
2230,870
2230,1200
2230,1201
2231,1260
2231,1368
2231,1369
2231,1380
2232,868
2232,870
2233,1199
2233,1366
2233,1367
2233,1368
2234,867
2234,868
2234,870
2235,1213
2235,1226
2235,1367
2235,1368
2235,1369
2236,865
2236,868
2237,1367
2237,1368
2238,866
2239,1367
2239,1368
2240,865
2240,868
2240,869
2240,870
2241,1367
2241,1368
2241,1369
2243,864
2243,868
2243,869
2243,870
2243,1367
2243,1368
2243,1369
2245,867
2245,1367
2245,1368
2247,866
2247,869
2247,870
2247,1366
2247,1367
2247,1368
2247,1380
2249,869
2249,870
2249,1367
2249,1368
2249,1369
2251,865
2251,868
2251,869
2251,870
2251,1366
2251,1367
2251,1368
2251,1369
2253,865
2253,866
2253,1366
2253,1367
2253,1368
2255,865
2255,1367
2255,1368
2257,868
2257,869
2257,870
2257,1367
2257,1368
2259,868
2259,869
2259,870
2259,1367
2259,1368
2261,865
2261,867
2261,868
2261,870
2261,1367
2261,1368
2263,870
2263,1367
2263,1368
2265,864
2265,867
2265,870
2265,1367
2265,1369
2267,867
2267,868
2267,1367
2267,1368
2267,1369
2267,1381
2269,861
2269,865
2269,866
2269,869
2269,1367
2271,867
2271,869
2271,870
2271,1367
2273,870
2273,1367
2275,863
2275,869
2275,870
2275,1367
2275,1368
2275,1369
2277,868
2277,869
2277,1366
2277,1367
2277,1368
2279,868
2279,869
2279,870
2279,1366
2279,1367
2281,867
2281,870
2281,1366
2281,1367
2283,865
2283,871
2283,1366
2283,1367
2283,1369
2285,864
2285,866
2285,870
2285,1366
2285,1367
2285,1368
2285,1370
2287,868
2287,869
2287,871
2287,1366
2287,1367
2287,1368
2287,1382
2289,863
2289,866
2289,867
2289,869
2289,870
2290,1366
2290,1367
2291,866
2291,867
2292,1366
2292,1370
2293,870
2294,1366
2294,1367
2294,1368
2295,868
2295,869
2295,870
2296,1366
2297,864
2297,869
2297,870
2298,1366
2299,866
2299,867
2299,870
2300,1366
2300,1367
2301,867
2301,870
2301,871
2302,1366
2302,1367
2302,1368
2302,1369
2303,868
2304,1366
2304,1367
2304,1368
2304,1370
2306,865
2306,867
2306,869
2306,870
2306,1366
2306,1367
2308,867
2308,869
2308,870
2308,1366
2310,868
2310,870
2310,1366
2310,1367
2312,867
2312,869
2312,1366
2312,1367
2312,1383
2314,864
2314,865
2314,868
2314,870
2314,871
2314,1366
2314,1367
2314,1369
2316,865
2316,868
2316,1366
2316,1368
2318,868
2318,869
2318,870
2318,871
2318,1366
2318,1367
2320,869
2320,870
2320,871
2320,904
2320,1366
2320,1370
2322,865
2322,870
2322,1206
2322,1207
2322,1366
2322,1369
2324,870
2324,871
2324,885
2324,911
2324,915
2324,1365
2324,1366
2324,1367
2326,868
2326,870
2326,871
2326,875
2326,1208
2326,1210
2326,1366
2328,865
2328,868
2328,870
2328,871
2328,878
2328,883
2328,890
2328,897
2328,913
2328,931
2328,941
2328,949
2328,955
2328,1228
2328,1365
2328,1366
2328,1369
2328,1375
2330,866
2330,870
2330,872
2330,877
2330,881
2330,882
2330,884
2330,887
2330,890
2330,895
2330,903
2330,905
2330,908
2330,911
2330,925
2330,929
2330,945
2330,953
2330,959
2330,963
2330,967
2330,968
2330,972
2330,974
2330,982
2330,997
2330,998
2330,1001
2330,1009
2330,1021
2330,1205
2330,1225
2330,1235
2330,1365
2330,1366
2332,866
2332,869
2332,870
2332,871
2332,875
2332,877
2332,879
2332,882
2332,883
2332,886
2332,887
2332,890
2332,891
2332,894
2332,896
2332,898
2332,900
2332,901
2332,903
2332,905
2332,906
2332,908
2332,909
2332,911
2332,912
2332,913
2332,914
2332,915
2332,916
2332,917
2332,918
2332,920
2332,921
2332,923
2332,924
2332,925
2332,926
2332,927
2332,928
2332,929
2332,930
2332,931
2332,932
2332,933
2332,935
2332,936
2332,939
2332,940
2332,943
2332,949
2332,950
2332,953
2332,957
2332,959
2332,960
2332,961
2332,964
2332,965
2332,968
2332,970
2332,974
2332,977
2332,978
2332,979
2332,980
2332,982
2332,983
2332,984
2332,985
2332,986
2332,987
2332,988
2332,990
2332,995
2332,996
2332,997
2332,999
2332,1000
2332,1005
2332,1006
2332,1008
2332,1010
2332,1012
2332,1016
2332,1025
2332,1208
2332,1209
2332,1210
2332,1212
2332,1244
2332,1256
2332,1365
2332,1366
2332,1367
2332,1369
2334,865
2334,867
2334,871
2334,873
2334,874
2334,876
2334,877
2334,878
2334,879
2334,882
2334,883
2334,886
2334,887
2334,889
2334,891
2334,892
2334,893
2334,894
2334,896
2334,897
2334,899
2334,900
2334,901
2334,903
2334,906
2334,909
2334,910
2334,911
2334,914
2334,915
2334,918
2334,919
2334,920
2334,921
2334,922
2334,923
2334,924
2334,925
2334,926
2334,927
2334,928
2334,929
2334,932
2334,933
2334,934
2334,936
2334,937
2334,938
2334,940
2334,941
2334,944
2334,945
2334,946
2334,947
2334,948
2334,951
2334,952
2334,953
2334,954
2334,956
2334,958
2334,959
2334,960
2334,961
2334,962
2334,963
2334,964
2334,966
2334,967
2334,970
2334,973
2334,980
2334,989
2334,990
2334,991
2334,992
2334,993
2334,998
2334,1000
2334,1002
2334,1008
2334,1011
2334,1013
2334,1021
2334,1026
2334,1030
2334,1033
2334,1045
2334,1065
2334,1205
2334,1209
2334,1210
2334,1222
2334,1225
2334,1228
2334,1229
2334,1240
2334,1241
2334,1242
2334,1248
2334,1249
2334,1252
2334,1384
2336,895
2336,897
2336,901
2336,905
2336,906
2336,909
2336,911
2336,912
2336,913
2336,915
2336,918
2336,920
2336,924
2336,929
2336,932
2336,934
2336,935
2336,936
2336,937
2336,939
2336,941
2336,942
2336,944
2336,945
2336,946
2336,947
2336,949
2336,950
2336,951
2336,953
2336,954
2336,955
2336,957
2336,958
2336,959
2336,961
2336,962
2336,963
2336,965
2336,966
2336,967
2336,969
2336,970
2336,971
2336,972
2336,973
2336,974
2336,975
2336,976
2336,977
2336,978
2336,979
2336,980
2336,981
2336,983
2336,984
2336,985
2336,986
2336,987
2336,988
2336,989
2336,991
2336,993
2336,994
2336,997
2336,1004
2336,1005
2336,1006
2336,1007
2336,1008
2336,1009
2336,1010
2336,1011
2336,1014
2336,1016
2336,1017
2336,1018
2336,1019
2336,1020
2336,1021
2336,1022
2336,1023
2336,1025
2336,1026
2336,1027
2336,1028
2336,1029
2336,1030
2336,1031
2336,1032
2336,1033
2336,1034
2336,1035
2336,1036
2336,1037
2336,1039
2336,1041
2336,1042
2336,1043
2336,1045
2336,1046
2336,1047
2336,1049
2336,1050
2336,1051
2336,1058
2336,1060
2336,1065
2336,1081
2336,1088
2336,1094
2336,1096
2336,1109
2336,1112
2336,1115
2336,1119
2336,1203
2336,1205
2336,1208
2336,1213
2336,1215
2336,1222
2336,1225
2336,1227
2336,1231
2336,1233
2336,1236
2336,1365
2336,1367
2338,868
2338,911
2338,929
2338,933
2338,938
2338,942
2338,943
2338,947
2338,951
2338,956
2338,960
2338,963
2338,965
2338,966
2338,967
2338,972
2338,976
2338,981
2338,982
2338,985
2338,986
2338,988
2338,990
2338,992
2338,993
2338,995
2338,996
2338,998
2338,999
2338,1000
2338,1001
2338,1002
2338,1003
2338,1004
2338,1005
2338,1006
2338,1007
2338,1009
2338,1011
2338,1012
2338,1013
2338,1014
2338,1015
2338,1016
2338,1017
2338,1019
2338,1020
2338,1021
2338,1022
2338,1023
2338,1024
2338,1025
2338,1026
2338,1027
2338,1028
2338,1029
2338,1031
2338,1033
2338,1034
2338,1035
2338,1036
2338,1037
2338,1038
2338,1040
2338,1042
2338,1043
2338,1044
2338,1045
2338,1046
2338,1048
2338,1050
2338,1052
2338,1053
2338,1054
2338,1055
2338,1056
2338,1057
2338,1059
2338,1061
2338,1062
2338,1066
2338,1067
2338,1068
2338,1069
2338,1070
2338,1071
2338,1072
2338,1073
2338,1074
2338,1075
2338,1076
2338,1077
2338,1078
2338,1079
2338,1080
2338,1082
2338,1084
2338,1105
2338,1106
2338,1118
2338,1121
2338,1133
2338,1135
2338,1139
2338,1140
2338,1205
2338,1206
2338,1207
2338,1208
2338,1211
2338,1214
2338,1215
2338,1216
2338,1223
2338,1224
2338,1225
2338,1226
2338,1227
2338,1230
2338,1231
2338,1233
2338,1235
2338,1237
2338,1238
2338,1240
2338,1242
2338,1243
2338,1244
2338,1246
2338,1251
2338,1254
2338,1365
2338,1366
2338,1368
2338,1374
2340,916
2340,969
2340,974
2340,978
2340,983
2340,987
2340,992
2340,994
2340,995
2340,996
2340,1000
2340,1001
2340,1002
2340,1005
2340,1006
2340,1009
2340,1010
2340,1012
2340,1014
2340,1015
2340,1016
2340,1017
2340,1018
2340,1019
2340,1020
2340,1021
2340,1023
2340,1024
2340,1025
2340,1026
2340,1028
2340,1029
2340,1030
2340,1031
2340,1032
2340,1033
2340,1035
2340,1036
2340,1037
2340,1038
2340,1039
2340,1040
2340,1041
2340,1042
2340,1044
2340,1046
2340,1047
2340,1048
2340,1049
2340,1050
2340,1051
2340,1052
2340,1053
2340,1055
2340,1056
2340,1057
2340,1058
2340,1059
2340,1060
2340,1061
2340,1063
2340,1064
2340,1065
2340,1067
2340,1068
2340,1070
2340,1071
2340,1072
2340,1073
2340,1074
2340,1076
2340,1077
2340,1078
2340,1079
2340,1080
2340,1081
2340,1082
2340,1083
2340,1084
2340,1085
2340,1086
2340,1087
2340,1088
2340,1089
2340,1090
2340,1091
2340,1092
2340,1094
2340,1095
2340,1096
2340,1097
2340,1098
2340,1099
2340,1101
2340,1102
2340,1103
2340,1104
2340,1105
2340,1107
2340,1111
2340,1114
2340,1116
2340,1117
2340,1123
2340,1126
2340,1128
2340,1131
2340,1132
2340,1136
2340,1137
2340,1139
2340,1146
2340,1150
2340,1152
2340,1153
2340,1154
2340,1155
2340,1158
2340,1160
2340,1162
2340,1168
2340,1171
2340,1208
2340,1210
2340,1212
2340,1217
2340,1223
2340,1225
2340,1227
2340,1229
2340,1230
2340,1235
2340,1240
2340,1241
2340,1242
2340,1243
2340,1245
2340,1246
2340,1248
2340,1249
2340,1250
2340,1251
2340,1252
2340,1253
2340,1254
2340,1255
2340,1256
2340,1257
2340,1258
2340,1260
2340,1264
2340,1369
2342,903
2342,976
2342,977
2342,981
2342,1006
2342,1010
2342,1011
2342,1027
2342,1032
2342,1042
2342,1045
2342,1048
2342,1050
2342,1051
2342,1053
2342,1055
2342,1056
2342,1057
2342,1058
2342,1059
2342,1060
2342,1061
2342,1062
2342,1063
2342,1064
2342,1066
2342,1068
2342,1072
2342,1073
2342,1074
2342,1076
2342,1077
2342,1080
2342,1084
2342,1085
2342,1087
2342,1089
2342,1090
2342,1091
2342,1092
2342,1093
2342,1095
2342,1096
2342,1097
2342,1098
2342,1101
2342,1104
2342,1107
2342,1108
2342,1109
2342,1110
2342,1111
2342,1112
2342,1113
2342,1114
2342,1115
2342,1116
2342,1118
2342,1120
2342,1122
2342,1123
2342,1125
2342,1126
2342,1127
2342,1128
2342,1129
2342,1132
2342,1134
2342,1138
2342,1139
2342,1140
2342,1141
2342,1142
2342,1143
2342,1144
2342,1145
2342,1146
2342,1147
2342,1148
2342,1149
2342,1150
2342,1151
2342,1154
2342,1158
2342,1159
2342,1162
2342,1171
2342,1173
2342,1174
2342,1176
2342,1195
2342,1206
2342,1211
2342,1213
2342,1220
2342,1222
2342,1223
2342,1225
2342,1227
2342,1231
2342,1236
2342,1237
2342,1250
2342,1252
2342,1254
2342,1255
2342,1256
2342,1257
2342,1258
2342,1259
2342,1260
2342,1261
2342,1262
2342,1263
2342,1264
2342,1265
2342,1266
2342,1267
2342,1268
2342,1269
2342,1270
2342,1271
2342,1272
2342,1278
2342,1367
2342,1370
2344,891
2344,948
2344,956
2344,964
2344,1054
2344,1064
2344,1065
2344,1067
2344,1068
2344,1070
2344,1071
2344,1076
2344,1081
2344,1082
2344,1086
2344,1088
2344,1090
2344,1093
2344,1094
2344,1096
2344,1097
2344,1098
2344,1099
2344,1100
2344,1101
2344,1102
2344,1103
2344,1104
2344,1105
2344,1106
2344,1107
2344,1109
2344,1113
2344,1114
2344,1115
2344,1117
2344,1118
2344,1120
2344,1121
2344,1123
2344,1124
2344,1126
2344,1127
2344,1142
2344,1147
2344,1150
2344,1151
2344,1152
2344,1153
2344,1154
2344,1155
2344,1156
2344,1157
2344,1158
2344,1159
2344,1160
2344,1161
2344,1162
2344,1163
2344,1164
2344,1165
2344,1166
2344,1167
2344,1168
2344,1169
2344,1170
2344,1171
2344,1172
2344,1173
2344,1174
2344,1175
2344,1176
2344,1177
2344,1178
2344,1179
2344,1180
2344,1181
2344,1182
2344,1183
2344,1184
2344,1185
2344,1187
2344,1188
2344,1189
2344,1190
2344,1192
2344,1202
2344,1205
2344,1206
2344,1217
2344,1222
2344,1223
2344,1224
2344,1225
2344,1228
2344,1230
2344,1232
2344,1237
2344,1241
2344,1243
2344,1248
2344,1250
2344,1255
2344,1258
2344,1261
2344,1262
2344,1264
2344,1266
2344,1267
2344,1269
2344,1270
2344,1271
2344,1273
2344,1274
2344,1275
2344,1276
2344,1277
2344,1279
2344,1280
2344,1282
2344,1283
2344,1286
2344,1369
2346,901
2346,924
2346,944
2346,1037
2346,1044
2346,1057
2346,1059
2346,1073
2346,1085
2346,1089
2346,1091
2346,1095
2346,1099
2346,1100
2346,1101
2346,1104
2346,1107
2346,1111
2346,1113
2346,1114
2346,1115
2346,1116
2346,1118
2346,1119
2346,1120
2346,1122
2346,1124
2346,1126
2346,1127
2346,1130
2346,1131
2346,1133
2346,1136
2346,1137
2346,1139
2346,1142
2346,1144
2346,1145
2346,1155
2346,1159
2346,1160
2346,1161
2346,1162
2346,1164
2346,1166
2346,1167
2346,1169
2346,1170
2346,1172
2346,1173
2346,1174
2346,1177
2346,1179
2346,1181
2346,1182
2346,1184
2346,1185
2346,1186
2346,1187
2346,1188
2346,1189
2346,1191
2346,1192
2346,1193
2346,1194
2346,1195
2346,1196
2346,1197
2346,1198
2346,1199
2346,1201
2346,1202
2346,1203
2346,1204
2346,1205
2346,1207
2346,1219
2346,1220
2346,1222
2346,1238
2346,1243
2346,1245
2346,1270
2346,1273
2346,1274
2346,1275
2346,1276
2346,1277
2346,1278
2346,1279
2346,1280
2346,1281
2346,1282
2346,1283
2346,1284
2346,1285
2346,1286
2346,1287
2346,1288
2346,1289
2346,1290
2346,1292
2346,1371
2346,1372
2348,911
2348,971
2348,980
2348,989
2348,997
2348,1031
2348,1062
2348,1068
2348,1073
2348,1075
2348,1079
2348,1085
2348,1096
2348,1100
2348,1106
2348,1107
2348,1109
2348,1112
2348,1115
2348,1117
2348,1120
2348,1121
2348,1123
2348,1125
2348,1126
2348,1128
2348,1129
2348,1131
2348,1134
2348,1136
2348,1140
2348,1141
2348,1143
2348,1144
2348,1146
2348,1147
2348,1149
2348,1150
2348,1151
2348,1152
2348,1156
2348,1157
2348,1159
2348,1161
2348,1164
2348,1173
2348,1174
2348,1176
2348,1184
2348,1186
2348,1190
2348,1192
2348,1195
2348,1200
2348,1201
2348,1206
2348,1207
2348,1209
2348,1212
2348,1220
2348,1223
2348,1225
2348,1249
2348,1254
2348,1259
2348,1261
2348,1281
2348,1283
2348,1284
2348,1286
2348,1287
2348,1288
2348,1289
2348,1290
2348,1291
2348,1292
2348,1293
2348,1294
2348,1295
2348,1296
2348,1297
2348,1298
2348,1299
2348,1369
2348,1370
2350,952
2350,1078
2350,1090
2350,1096
2350,1101
2350,1106
2350,1112
2350,1114
2350,1120
2350,1130
2350,1132
2350,1134
2350,1135
2350,1136
2350,1137
2350,1138
2350,1139
2350,1140
2350,1141
2350,1142
2350,1143
2350,1145
2350,1148
2350,1151
2350,1152
2350,1155
2350,1158
2350,1161
2350,1162
2350,1163
2350,1164
2350,1167
2350,1169
2350,1171
2350,1179
2350,1182
2350,1184
2350,1185
2350,1187
2350,1190
2350,1195
2350,1200
2350,1202
2350,1204
2350,1272
2350,1274
2350,1280
2350,1284
2350,1285
2350,1287
2350,1289
2350,1291
2350,1292
2350,1294
2350,1295
2350,1296
2350,1297
2350,1298
2350,1299
2350,1300
2350,1301
2350,1302
2350,1303
2350,1304
2350,1367
2350,1368
2350,1369
2352,932
2352,1091
2352,1127
2352,1134
2352,1159
2352,1162
2352,1167
2352,1171
2352,1175
2352,1176
2352,1179
2352,1183
2352,1187
2352,1189
2352,1192
2352,1194
2352,1197
2352,1200
2352,1203
2352,1204
2352,1206
2352,1291
2352,1297
2352,1298
2352,1299
2352,1301
2352,1302
2352,1303
2352,1304
2352,1305
2352,1306
2352,1307
2352,1308
2352,1309
2352,1310
2353,1367
2353,1368
2353,1369
2353,1372
2353,1382
2354,870
2354,1127
2354,1134
2354,1167
2354,1171
2354,1179
2354,1181
2354,1184
2354,1188
2354,1193
2354,1198
2354,1203
2354,1208
2355,1304
2355,1307
2355,1308
2355,1309
2355,1310
2355,1311
2355,1312
2355,1313
2355,1314
2355,1366
2355,1367
2355,1371
2356,1149
2356,1160
2357,1282
2357,1303
2357,1309
2357,1310
2357,1311
2357,1312
2357,1314
2357,1315
2357,1317
2357,1318
2357,1319
2357,1320
2357,1324
2357,1365
2357,1366
2357,1369
2357,1371
2358,1121
2358,1137
2359,1173
2359,1190
2359,1310
2359,1312
2359,1313
2359,1314
2359,1315
2359,1316
2359,1317
2359,1320
2359,1321
2359,1322
2359,1323
2359,1325
2359,1326
2359,1327
2359,1364
2359,1367
2361,1107
2361,1299
2361,1317
2361,1318
2361,1319
2361,1320
2361,1321
2361,1322
2361,1323
2361,1324
2361,1328
2361,1329
2361,1330
2361,1331
2361,1332
2361,1333
2361,1365
2361,1366
2361,1368
2361,1369
2363,1063
2363,1085
2363,1313
2363,1317
2363,1318
2363,1319
2363,1321
2363,1325
2363,1326
2363,1327
2363,1328
2363,1329
2363,1330
2363,1333
2363,1334
2363,1335
2363,1336
2363,1337
2363,1338
2363,1362
2363,1363
2363,1364
2363,1366
2363,1368
2365,1322
2365,1323
2365,1324
2365,1325
2365,1326
2365,1327
2365,1328
2365,1329
2365,1330
2365,1331
2365,1332
2365,1333
2365,1334
2365,1337
2365,1338
2365,1339
2365,1340
2365,1341
2365,1342
2365,1343
2365,1345
2365,1347
2365,1361
2365,1362
2365,1364
2365,1365
2367,1326
2367,1328
2367,1329
2367,1330
2367,1331
2367,1332
2367,1333
2367,1334
2367,1335
2367,1336
2367,1337
2367,1338
2367,1339
2367,1342
2367,1343
2367,1344
2367,1345
2367,1346
2367,1359
2367,1360
2367,1361
2367,1362
2367,1364
2367,1366
2369,880
2369,1317
2369,1334
2369,1335
2369,1336
2369,1337
2369,1338
2369,1340
2369,1341
2369,1342
2369,1344
2369,1356
2369,1357
2369,1358
2369,1359
2369,1360
2369,1361
2369,1363
2371,1333
2371,1338
2371,1341
2371,1342
2371,1343
2371,1344
2371,1348
2371,1349
2371,1350
2371,1351
2371,1354
2371,1355
2371,1357
2371,1358
2371,1359
2371,1360
2371,1361
2371,1363
2371,1368
2373,1341
2373,1348
2373,1349
2373,1350
2373,1351
2373,1352
2373,1353
2373,1354
2373,1355
2373,1356
2373,1357
2373,1358
2373,1359
2375,1340
2375,1342
2375,1346
2375,1347
2375,1348
2375,1349
2375,1352
2375,1355
2377,1348
2377,1356
2377,1362
2379,1356
2379,1370
2381,1364
